tRNA begin	tRNA end	tRNA strand	tRNA type	tRNA anticodon
72490	72562	['+']	['Gly']	['tcc']
72693	72767	['+']	['Gln']	['ctg']
72895	72966	['+']	['Trp']	['cca']
73842	73914	['+']	['Pro']	['tgg']
73918	73993	['+']	['Pro']	['tgg']
76991	77065	['+']	['Ile']	['tat']
81090	81166	['+']	['Asp']	['gtc']
81545	81616	['+']	['Asp']	['gtc']
86449	86520	['+']	['Glu']	['ctc']
86777	86851	['+']	['Glu']	['ttc']
86863	86934	['+']	['Val']	['tac']
87195	87270	['+']	['Leu']	['tag']
87409	87483	['+']	['Leu']	['tag']
87806	87877	['+']	['Gly']	['gcc']
87984	88057	['+']	['Arg']	['tct']
88677	88749	['+']	['Ala']	['tgc']
88916	88990	['+']	['Lys']	['ctt']
90686	90758	['+']	['Asn']	['gtt']
92417	92489	['+']	['Arg']	['cct']
92536	92611	['+']	['Ile']	['gat']
92615	92687	['+']	['Ala']	['ggc']
92906	92979	['+']	['Lys']	['ctt']
93098	93173	['+']	['Lys']	['ttt']
93177	93250	['+']	['Arg']	['tcg']
94508	94580	['+']	['Met']	['cat']
95280	95362	['+']	['Tyr']	['gta']
95492	95564	['+']	['His']	['gtg']
95632	95704	['+']	['Phe']	['gaa']
96412	96487	['+']	['Thr']	['tgt']
96579	96652	['+']	['Thr']	['ggt']
96821	96894	['+']	['Arg']	['acg']
100107	100182	['+']	['Ala']	['ggc']
105497	105579	['+']	['Leu']	['gag']
106016	106087	['+']	['Val']	['gac']
106513	106589	['+']	['Leu']	['caa']
116563	116643	['+']	['Gln']	['ttg']
16602	16674	['-']	['Thr']	['cgt']
['77585']	['77670']	['+']	['Ser']	['gga']
['77911']	['77997']	['+']	['Ser']	['tga']
['89849']	['89925']	['+']	['Asn']	['gtt']
['94581']	['94652']	['+']	['Met']	['cat']
['96288']	['96362']	['+']	['Cys']	['gca']
['106823']	['106906']	['+']	['Ser']	['gct']
